id;nombre;apellido;email;telefono
1;3rd generation withdrawal Station;Concrete;Kathlyn10@yahoo.com;withdrawal Shoals Liaison
2;Berkshire;drive;Caterina.Beer@hotmail.com;Trafficway Pre-emptive
3;Berkshire;Tactics XSS;Tito.Hagenes54@gmail.com;pixel Home Loan Account
4;Salad;Manager Bermudian Dollar (customarily known as Bermuda Dollar) distributed;Layne_McCullough@gmail.com;incentivize Implementation
5;firewall Bulgarian Lev Generic Soft Sausages;Louisiana Orchestrator;Laury_Osinski16@gmail.com;Parkway
6;Credit Card Account niches;CSS HTTP;Antwan_Funk65@hotmail.com;Group Personal Loan Account Field
7;initiative South Carolina;local area network alarm Metal;Gage15@yahoo.com;Global program orange
8;Bedfordshire Small Concrete Soap;Ball iterate Personal Loan Account;Yessenia.Rodriguez@hotmail.com;Handcrafted Steel Mouse Dynamic Director
9;Refined superstructure Plastic;magenta Diverse Small;Augustus72@gmail.com;synthesizing seamless Integration
10;solution-oriented Mountain Falkland Islands Pound;Berkshire;Mohammad_Mayer32@yahoo.com;Licensed Soft Gloves New Mexico
